"Name","Domain","Nodes","Edges","Iterations","Iteration_2","Iteration_3","Iteration_4","Mean"
"7th_graders","Social,Offline",29,740,NA,NA,NA,NA,NA
"add_health_comm1","Social,Offline",69,305,123,123,123,142,127.75
"add_health_comm10","Social,Offline",678,3441,1043,1043,1043,1153,1070.5
"add_health_comm11","Social,Offline",411,1975,697,697,697,802,723.25
"add_health_comm12","Social,Offline",581,3585,960,960,960,965,961.25
"add_health_comm13","Social,Offline",654,2936,1187,1187,1187,1150,1177.75
"add_health_comm14","Social,Offline",562,3344,930,930,930,968,939.5
"add_health_comm15","Social,Offline",1062,5370,1969,1969,1969,1724,1907.75
"add_health_comm16","Social,Offline",778,4125,1310,1310,1310,1295,1306.25
"add_health_comm17","Social,Offline",1218,6488,1953,1953,1953,2111,1992.5
"add_health_comm18","Social,Offline",284,1511,548,548,548,550,548.5
"add_health_comm19","Social,Offline",492,2675,788,788,788,888,813
"add_health_comm2","Social,Offline",105,447,136,136,136,216,156
"add_health_comm20","Social,Offline",910,5229,1479,1479,1479,1443,1470
"add_health_comm21","Social,Offline",377,2021,701,701,701,630,683.25
"add_health_comm22","Social,Offline",614,3133,1039,1039,1039,1074,1047.75
"add_health_comm23","Social,Offline",667,3783,1110,1110,1110,1116,1111.5
"add_health_comm24","Social,Offline",853,3739,1431,1431,1431,1474,1441.75
"add_health_comm25","Social,Offline",798,3197,1387,1387,1387,1197,1339.5
"add_health_comm26","Social,Offline",551,2624,1009,1009,1009,955,995.5
"add_health_comm27","Social,Offline",1169,3303,2138,2138,2138,2181,2148.75
"add_health_comm28","Social,Offline",1138,5721,1854,1854,1854,1870,1858
"add_health_comm29","Social,Offline",569,3203,944,944,944,1074,976.5
"add_health_comm3","Social,Offline",32,127,46,46,46,80,54.5
"add_health_comm30","Social,Offline",718,3442,1149,1149,1149,1221,1167
"add_health_comm31","Social,Offline",751,2028,1423,1423,1423,1488,1439.25
"add_health_comm32","Social,Offline",855,4192,1449,1449,1449,1488,1458.75
"add_health_comm33","Social,Offline",1987,5858,3567,3567,3567,3509,3552.5
"add_health_comm34","Social,Offline",1607,6985,2883,2883,2883,2771,2855
"add_health_comm35","Social,Offline",851,3735,1318,1318,1318,1434,1347
"add_health_comm36","Social,Offline",2154,9880,3603,3603,3603,3801,3652.5
"add_health_comm37","Social,Offline",373,879,644,644,644,661,648.25
"add_health_comm38","Social,Offline",521,2340,830,830,830,916,851.5
"add_health_comm39","Social,Offline",991,4883,1795,1795,1795,1656,1760.25
"add_health_comm4","Social,Offline",281,1396,483,483,483,408,464.25
"add_health_comm40","Social,Offline",2002,10488,3291,3291,3291,3229,3275.5
"add_health_comm41","Social,Offline",2064,10503,3337,3337,3337,3288,3324.75
"add_health_comm42","Social,Offline",1407,5622,2351,2351,2351,2502,2388.75
"add_health_comm43","Social,Offline",1642,6343,2757,2757,2757,2771,2760.5
"add_health_comm44","Social,Offline",1127,6189,1922,1922,1922,2011,1944.25
"add_health_comm45","Social,Offline",936,3231,1736,1736,1736,1705,1728.25
"add_health_comm46","Social,Offline",1519,7149,2666,2666,2666,2630,2657
"add_health_comm47","Social,Offline",985,5410,1645,1645,1645,1651,1646.5
"add_health_comm48","Social,Offline",1171,6217,1985,1985,1985,1999,1988.5
"add_health_comm49","Social,Offline",1884,8873,3056,3056,3056,3109,3069.25
"add_health_comm5","Social,Offline",157,945,262,262,262,269,263.75
"add_health_comm50","Social,Offline",2539,12969,3902,3902,3902,4142,3962
"add_health_comm51","Social,Offline",683,1953,1288,1288,1288,1185,1262.25
"add_health_comm52","Social,Offline",1723,6774,3037,3037,3037,3022,3033.25
"add_health_comm53","Social,Offline",581,1815,1033,1033,1033,1031,1032.5
"add_health_comm54","Social,Offline",1041,3713,1895,1895,1895,1795,1870
"add_health_comm55","Social,Offline",336,1010,601,601,601,650,613.25
"add_health_comm56","Social,Offline",446,1653,863,863,863,868,864.25
"add_health_comm57","Social,Offline",1193,4292,2313,2313,2313,2024,2240.75
"add_health_comm58","Social,Offline",1715,7021,2813,2813,2813,2848,2821.75
"add_health_comm59","Social,Offline",975,4160,1734,1734,1734,1639,1710.25
"add_health_comm6","Social,Offline",108,457,178,178,178,218,188
"add_health_comm60","Social,Offline",1143,4693,1980,1980,1980,1943,1970.75
"add_health_comm61","Social,Offline",1743,5402,2891,2891,2891,3110,2945.75
"add_health_comm62","Social,Offline",1051,3328,1887,1887,1887,1772,1858.25
"add_health_comm63","Social,Offline",98,353,158,158,158,186,165
"add_health_comm64","Social,Offline",696,3545,1214,1214,1214,1085,1181.75
"add_health_comm65","Social,Offline",559,2329,972,972,972,959,968.75
"add_health_comm66","Social,Offline",644,3591,1041,1041,1041,996,1029.75
"add_health_comm67","Social,Offline",456,1080,885,885,885,887,885.5
"add_health_comm68","Social,Offline",1393,4849,2318,2318,2318,2500,2363.5
"add_health_comm69","Social,Offline",893,4562,1587,1587,1587,1337,1524.5
"add_health_comm7","Social,Offline",441,2158,709,709,709,855,745.5
"add_health_comm70","Social,Offline",76,440,155,155,155,93,139.5
"add_health_comm71","Social,Offline",74,466,95,95,95,90,93.75
"add_health_comm72","Social,Offline",352,1784,622,622,622,552,604.5
"add_health_comm73","Social,Offline",1632,8557,2614,2614,2614,2598,2610
"add_health_comm74","Social,Offline",656,2066,1036,1036,1036,1164,1068
"add_health_comm75","Social,Offline",994,5459,1641,1641,1641,1757,1670
"add_health_comm76","Social,Offline",43,250,58,58,58,62,59
"add_health_comm77","Social,Offline",25,145,34,34,34,37,34.75
"add_health_comm78","Social,Offline",432,1719,779,779,779,701,759.5
"add_health_comm79","Social,Offline",1195,5374,2132,2132,2132,2102,2124.5
"add_health_comm8","Social,Offline",204,1012,367,367,367,335,359
"add_health_comm80","Social,Offline",594,2188,1135,1135,1135,1077,1120.5
"add_health_comm81","Social,Offline",1290,4689,2344,2344,2344,2094,2281.5
"add_health_comm82","Social,Offline",925,5096,1488,1488,1488,1398,1465.5
"add_health_comm83","Social,Offline",1268,4524,2397,2397,2397,2310,2375.25
"add_health_comm84","Social,Offline",1569,4794,2739,2739,2739,2765,2745.5
"add_health_comm9","Social,Offline",248,1264,456,456,456,451,454.75
"adjnoun","Informational",112,425,252,252,252,219,243.75
"advogato","Social,Online",6539,51127,10424,10424,10424,10514,10446.5
"aids_blogs_(2005)","Informational",146,180,455,455,455,251,404
"amazon_pages_(2012)","Informational",2879,3886,6988,6988,6988,6702,6916.5
"amazon_political_books_(2004)","Economic",105,441,181,181,181,185,182
"anaheim_traffic_network_(1992)","Transportation",416,634,901,901,901,942,911.25
"anybeat","Social,Online",12645,67053,21020,21020,21020,21124,21046
"barcelona_traffic_(2016)","Transportation",930,1798,1976,1976,1976,1716,1911
"berlin_traffic_(2005)_1","Transportation",224,376,636,636,636,518,606.5
"berlin_traffic_(2005)_2","Transportation",397,644,766,766,766,780,769.5
"berlin_traffic_(2005)_3","Transportation",974,1611,2102,2102,2102,2024,2082.5
"berlin_traffic_(2005)_4","Transportation",350,553,795,795,795,758,785.75
"berlin_traffic_(2005)_5","Transportation",359,595,662,662,662,846,708
"bible_nouns","Informational",1773,9131,2907,2907,2907,2969,2922.5
"bitcoin","Social,Online",3783,24186,6097,6097,6097,6164,6113.75
"bitcoin_alpha","Economic",5881,35592,9780,9780,9780,9768,9777
"blumenau_drug","Biological",75,181,175,175,175,139,166
"budapest_connectome_all_1m","Biological",1015,121755,1578,1578,1578,1543,1569.25
"budapest_connectome_all_200k","Biological",1015,105293,1616,1616,1616,1540,1597
"budapest_connectome_all_20k","Biological",1015,71604,1460,1460,1460,1508,1472
"budapest_connectome_female_1m","Biological",1015,112890,1527,1527,1527,1466,1511.75
"budapest_connectome_female_200k","Biological",1015,96857,1657,1657,1657,1543,1628.5
"budapest_connectome_female_20k","Biological",1015,63448,1611,1611,1611,1460,1573.25
"budapest_connectome_male_1m","Biological",1015,93708,1392,1392,1392,1584,1440
"budapest_connectome_male_200k","Biological",1015,80270,1540,1540,1540,1617,1559.25
"budapest_connectome_male_20k","Biological",1015,54480,1487,1487,1487,1496,1489.25
"c._elegans_interactomes_(2009)_1","Biological",345,400,880,880,880,843,870.75
"c._elegans_interactomes_(2009)_2","Biological",683,1543,1309,1309,1309,1345,1318
"c._elegans_interactomes_(2009)_3","Biological",117,123,328,328,328,369,338.25
"c._elegans_interactomes_(2009)_4","Biological",1084,1602,2193,2193,2193,2573,2288
"c._elegans_interactomes_(2009)_5","Biological",1108,1500,2861,2861,2861,2499,2770.5
"c._elegans_interactomes_(2009)_6","Biological",2214,3538,5028,5028,5028,5040,5031
"c._elegans_interactomes_(2009)_7","Biological",297,2148,524,524,524,578,537.5
"c._elegans_interactomes_(2009)_8","Biological",279,2287,416,416,416,462,427.5
"c._elegans_interactomes_(2009)_9","Biological",269,2902,436,436,436,446,438.5
"c._elegans_neurons_(1986)","Biological",297,2148,476,476,476,448,469
"cat_brain_(2013)","Biological",65,730,94,94,94,77,89.75
"cat_cerebral_hemisphere_1","Biological",95,1170,135,135,135,172,144.25
"cat_cerebral_hemisphere_2","Biological",52,515,84,84,84,104,89
"celegans_2019_hermaphrodite_chemical_corrected","Biological",446,4879,695,695,695,719,701
"celegans_2019_hermaphrodite_chemical_synapse","Biological",357,3701,542,542,542,575,550.25
"celegans_2019_hermaphrodite_gap_junction_corrected","Biological",462,1450,862,862,862,835,855.25
"celegans_2019_hermaphrodite_gap_junction_synapse","Biological",315,2056,524,524,524,457,507.25
"celegans_2019_male_chemical_corrected","Biological",559,5306,885,885,885,820,868.75
"celegans_2019_male_chemical_synapse","Biological",328,3531,617,617,617,500,587.75
"celegans_2019_male_gap_junction_corrected","Biological",543,1758,1026,1026,1026,1045,1030.75
"celegans_2019_male_gap_junction_synapse","Biological",300,2363,421,421,421,493,439
"celegans_interactomes_BPmaps","Biological",537,554,1598,1598,1598,1681,1618.75
"celegans_interactomes_Genetic","Biological",759,1593,1370,1370,1370,1412,1380.5
"celegans_interactomes_IntegratedNetwork","Biological",6176,178151,9327,9327,9327,9300,9320.25
"celegans_interactomes_Interolog","Biological",2724,14322,4896,4896,4896,4612,4825
"celegans_interactomes_LCI","Biological",431,438,1238,1238,1238,1401,1278.75
"celegans_interactomes_Microarray","Biological",2436,136930,3859,3859,3859,3922,3874.75
"celegans_interactomes_Phenotypes","Biological",912,22738,1435,1435,1435,1383,1422
"celegans_interactomes_WI8","Biological",2528,3864,5451,5451,5451,5577,5482.5
"celegans_interactomes_wi2004","Biological",1237,1735,3083,3083,3083,3279,3132
"celegans_interactomes_wi2007","Biological",1496,1816,3756,3756,3756,3878,3786.5
"celegans_metabolic","Biological",453,4596,748,748,748,850,773.5
"celegansneural","Biological",297,2359,476,476,476,503,482.75
"centrality_literature_(1948-1979)","Informational",118,613,188,188,188,243,201.75
"chicago_road","Transportation",12979,39018,23384,23384,23384,23450,23400.5
"college_freshmen","Social,Offline",32,3062,NA,NA,NA,NA,NA
"collins_yeast","Biological",1622,9070,2835,2835,2835,2789,2823.5
"contact","Social,Offline",274,28244,389,389,389,422,397.25
"contiguous_usa","Transportation",49,107,106,106,106,122,110
"copenhagen_calls","Social,Offline",536,3600,831,831,831,884,844.25
"copenhagen_fb_friends","Social,Offline",800,6429,1342,1342,1342,1247,1318.25
"copenhagen_sms","Social,Offline",568,24333,859,859,859,878,863.75
"cora","Informational",23166,91500,40195,40195,40195,40136,40180.25
"deezer_europe","Social,Online",28281,92752,50213,50213,50213,48967,49901.5
"digg_reply","Social,Online",30398,87627,55434,55434,55434,55253,55388.75
"diseasome_shared","Biological",516,2376,775,775,775,771,774
"dnc","Social,Online",906,12085,1405,1405,1405,1410,1406.25
"dutch_school_klas12b-net-1","Social,Offline",26,91,39,39,39,41,39.5
"dutch_school_klas12b-net-2","Social,Offline",26,144,39,39,39,35,38
"dutch_school_klas12b-net-3","Social,Offline",26,234,53,53,53,34,48.25
"dutch_school_klas12b-net-4","Social,Offline",26,170,62,62,62,32,54.5
"ecoli_transcription_v1.0","Biological",424,577,981,981,981,1033,994
"ecoli_transcription_v1.1","Biological",423,578,948,948,948,926,942.5
"ego_social_facebook_combined","Social,Online",4039,88234,6264,6264,6264,6653,6361.25
"email_network","Social,Online",1133,10903,1763,1763,1763,1886,1793.75
"email_network_(uni._r-v,_spain,_2003)","Social,Offline",1133,5451,1956,1956,1956,1758,1906.5
"eu_airlines","Transportation",417,3588,783,783,783,700,762.25
"european_airline_network","Transportation",417,2953,738,738,738,753,741.75
"euroroad","Transportation",1174,1417,3158,3158,3158,2906,3095
"euroroad_network_(2011)","Transportation",1039,1305,2503,2503,2503,2479,2497
"faa_preferred_routes_(2010)","Transportation",1226,2408,2493,2493,2493,2339,2454.5
"faa_routes","Transportation",1226,2615,2560,2560,2560,2316,2499
"facebook_friends","Social,Online",348,1988,648,648,648,572,629
"facebook_organizations_L1","Social,Online",5793,45266,9593,9593,9593,9439,9554.5
"facebook_organizations_L2","Social,Online",5524,94219,8758,8758,8758,8422,8674
"facebook_organizations_M1","Social,Online",1429,32876,2266,2266,2266,2262,2265
"facebook_organizations_M2","Social,Online",3862,87324,5841,5841,5841,5933,5864
"facebook_organizations_S1","Social,Online",320,2369,496,496,496,567,513.75
"facebook_organizations_S2","Social,Online",165,726,234,234,234,291,248.25
"faculty_hiring_networks_(comp._sci.,_business,_history)_1","Economic",206,2741,305,305,305,292,301.75
"faculty_hiring_networks_(comp._sci.,_business,_history)_2","Economic",113,2944,177,177,177,174,176.25
"faculty_hiring_networks_(comp._sci.,_business,_history)_3","Economic",145,2266,217,217,217,199,212.5
"family_planning_in_korea_1","Social,Offline",33,68,59,59,59,45,55.5
"family_planning_in_korea_2","Social,Offline",35,84,80,80,80,68,77
"fao_multiplex_trade_network","Economic",183,945,279,279,279,312,287.25
"florentine_families","Social,Offline",15,35,32,32,32,15,27.75
"foldoc","Informational",13356,120238,21467,21467,21467,21543,21486
"foodweb_baywet","Biological",128,2106,214,214,214,173,203.75
"foodweb_little_rock","Biological",183,2494,248,248,248,305,262.25
"fungal_growth_networks_1","Biological",305,465,724,724,724,666,709.5
"fungal_growth_networks_10","Biological",251,399,448,448,448,491,458.75
"fungal_growth_networks_11","Biological",192,307,484,484,484,543,498.75
"fungal_growth_networks_12","Biological",199,311,438,438,438,372,421.5
"fungal_growth_networks_13","Biological",283,437,689,689,689,635,675.5
"fungal_growth_networks_14","Biological",305,477,647,647,647,602,635.75
"fungal_growth_networks_15","Biological",281,429,622,622,622,635,625.25
"fungal_growth_networks_16","Biological",311,474,899,899,899,764,865.25
"fungal_growth_networks_17","Biological",224,348,515,515,515,505,512.5
"fungal_growth_networks_18","Biological",257,302,628,628,628,601,621.25
"fungal_growth_networks_19","Biological",411,488,1238,1238,1238,1181,1223.75
"fungal_growth_networks_2","Biological",142,159,422,422,422,333,399.75
"fungal_growth_networks_20","Biological",176,199,468,468,468,396,450
"fungal_growth_networks_21","Biological",116,134,286,286,286,360,304.5
"fungal_growth_networks_22","Biological",318,381,918,918,918,1125,969.75
"fungal_growth_networks_23","Biological",339,369,1020,1020,1020,955,1003.75
"fungal_growth_networks_24","Biological",359,443,1179,1179,1179,854,1097.75
"fungal_growth_networks_25","Biological",386,460,981,981,981,1087,1007.5
"fungal_growth_networks_26","Biological",346,417,934,934,934,871,918.25
"fungal_growth_networks_27","Biological",254,286,720,720,720,607,691.75
"fungal_growth_networks_28","Biological",158,200,395,395,395,428,403.25
"fungal_growth_networks_29","Biological",120,163,403,403,403,223,358
"fungal_growth_networks_3","Biological",223,276,626,626,626,549,606.75
"fungal_growth_networks_30","Biological",182,224,416,416,416,561,452.25
"fungal_growth_networks_31","Biological",132,171,386,386,386,376,383.5
"fungal_growth_networks_4","Biological",322,404,734,734,734,863,766.25
"fungal_growth_networks_5","Biological",146,175,504,504,504,321,458.25
"fungal_growth_networks_6","Biological",121,154,327,327,327,439,355
"fungal_growth_networks_7","Biological",332,412,897,897,897,852,885.75
"fungal_growth_networks_8","Biological",84,86,237,237,237,183,223.5
"fungal_growth_networks_9","Biological",187,218,491,491,491,545,504.5
"garfield's_citation_networks_(2001)_1","Informational",207,777,324,324,324,311,320.75
"garfield's_citation_networks_(2001)_2","Informational",1024,4916,1678,1678,1678,1752,1696.5
"gemsec_ro","Social,Online",41773,125826,74410,74410,74410,74264,74373.5
"genetic_multiplex_Arabidopsis","Biological",6980,18655,12812,12812,12812,12811,12811.75
"genetic_multiplex_Bos_Multiplex_Genetic","Biological",325,322,964,964,964,966,964.5
"genetic_multiplex_Candida","Biological",367,398,1137,1137,1137,975,1096.5
"genetic_multiplex_Celegans","Biological",3879,8182,7448,7448,7448,7837,7545.25
"genetic_multiplex_DanioRerio","Biological",155,188,499,499,499,406,475.75
"genetic_multiplex_Drosophila","Biological",8215,43367,13558,13558,13558,13770,13611
"genetic_multiplex_Gallus","Biological",313,389,756,756,756,910,794.5
"genetic_multiplex_Homo","Biological",18222,170899,29017,29017,29017,28892,28985.75
"genetic_multiplex_HumanHIV1","Biological",1005,1355,2280,2280,2280,2318,2289.5
"genetic_multiplex_HumanHerpes4","Biological",216,259,584,584,584,516,567
"genetic_multiplex_Mus","Biological",7747,19843,14578,14578,14578,14417,14537.75
"genetic_multiplex_Oryctolagus","Biological",144,144,405,405,405,366,395.25
"genetic_multiplex_Plasmodium","Biological",1203,2522,2257,2257,2257,2635,2351.5
"genetic_multiplex_Rattus","Biological",2640,4268,5701,5701,5701,5429,5633
"genetic_multiplex_Sacchcere","Biological",6570,282755,10059,10059,10059,9996,10043.25
"genetic_multiplex_Sacchpomb","Biological",4092,63677,6333,6333,6333,6614,6403.25
"genetic_multiplex_Xenopus","Biological",461,620,1097,1097,1097,1026,1079.25
"german_highway_system_(2002)","Transportation",1168,1243,3445,3445,3445,3324,3414.75
"github_2","Social,Online",37700,289003,60962,60962,60962,59959,60711.25
"global_language_network_(2014)_1","Informational",247,415,464,464,464,469,465.25
"global_language_network_(2014)_2","Informational",134,282,290,290,290,247,279.25
"gnutella_04","Technological",10876,39994,19487,19487,19487,18339,19200
"gnutella_06","Technological",8717,31525,14804,14804,14804,14742,14788.5
"gnutella_08","Technological",6301,20777,11446,11446,11446,10903,11310.25
"gnutella_09","Technological",8114,26013,14057,14057,14057,14201,14093
"gnutella_24","Technological",26518,65369,49298,49298,49298,50049,49485.75
"gnutella_25","Technological",22687,54705,41962,41962,41962,43113,42249.75
"gnutella_30","Technological",36682,88328,69324,69324,69324,68977,69237.25
"google","Social,Online",15763,171206,24744,24744,24744,24945,24794.25
"gplus","Social,Online",23628,39242,51240,50165,49328,50652,50346.25
"gplus_1","Social,Online",4805,344852,7320,7613,7430,7397,7440
"gplus_10","Social,Online",1650,151766,2498,2378,2530,2553,2489.75
"gplus_3","Social,Online",1604,165655,2493,2499,2294,2644,2482.5
"gplus_4","Social,Online",4604,430977,7260,7263,6997,6853,7093.25
"gplus_5","Social,Online",4842,263128,7362,7410,7385,7116,7318.25
"gplus_6","Social,Online",3545,259796,5421,5266,5390,5663,5435
"gplus_7","Social,Online",3870,469544,5962,5932,5930,5975,5949.75
"gplus_8","Social,Online",2761,152646,3901,4244,4081,4492,4179.5
"gplus_9","Social,Online",2455,433841,3814,3872,3717,4009,3853
"guava_library_dependencies_(2012)","Technological",457,926,938,911,822,901,893
"hamsterer","Social,Online",2426,16630,4084,4096,4077,3908,4041.25
"high_school_dynamic_contacts_(2011-2012)_1","Social,Offline",126,1709,181,154,193,212,185
"high_school_dynamic_contacts_(2011-2012)_2","Social,Offline",180,2220,258,335,258,253,276
"high_tech_company","Social,Offline",21,312,NA,NA,NA,NA,NA
"highschool","Social,Offline",70,366,95,183,108,82,117
"highschool_2011","Social,Offline",126,28561,NA,NA,NA,NA,NA
"highschool_2012","Social,Offline",180,45047,NA,NA,NA,NA,NA
"hiv_transmission","Social,Offline",35229,49790,81551,81361,80218,81160,81072.5
"india_bus_routes_(2016)_1","Transportation",1103,2149,2214,2308,2179,2164,2216.25
"india_bus_routes_(2016)_2","Transportation",1009,1610,2263,2555,2088,2291,2299.25
"india_bus_routes_(2016)_3","Transportation",1554,3599,2938,2663,2937,2765,2825.75
"india_bus_routes_(2016)_4","Transportation",1087,2952,1950,1826,2029,1977,1945.5
"india_bus_routes_(2016)_5","Transportation",519,877,1049,1125,1074,1276,1131
"india_bus_routes_(2016)_6","Transportation",2266,3041,5793,5411,5450,5373,5506.75
"inploid","Social,Online",14629,57276,25546,25689,25362,26024,25655.25
"interactome_figeys","Biological",2239,6452,3963,3754,4036,3929,3920.5
"interactome_pdz","Biological",212,244,647,537,622,797,650.75
"interactome_stelzl","Biological",1706,6207,2809,3034,3074,2774,2922.75
"interactome_vidal","Biological",3133,6726,6099,6037,6089,5876,6025.25
"interactome_yeast","Biological",1870,2277,4793,4972,4321,4708,4698.5
"internet_as","Technological",22963,48436,45099,44288,45179,45548,45028.5
"iscas89_benchmark_circuits_1","Technological",588,1038,1144,1188,1315,1208,1213.75
"iscas89_benchmark_circuits_10","Technological",567,1070,1136,1284,1114,1174,1177
"iscas89_benchmark_circuits_11","Technological",819,1237,2196,1756,2163,1837,1988
"iscas89_benchmark_circuits_12","Technological",692,1412,1481,1479,1517,1278,1438.75
"iscas89_benchmark_circuits_13","Technological",686,1418,1377,1408,1391,1317,1373.25
"iscas89_benchmark_circuits_14","Technological",131,190,249,304,269,310,283
"iscas89_benchmark_circuits_16","Technological",156,264,321,336,362,268,321.75
"iscas89_benchmark_circuits_17","Technological",219,304,491,556,422,466,483.75
"iscas89_benchmark_circuits_18","Technological",220,308,531,387,465,412,448.75
"iscas89_benchmark_circuits_19","Technological",183,313,388,421,389,466,416
"iscas89_benchmark_circuits_2","Technological",185,360,388,495,406,382,417.75
"iscas89_benchmark_circuits_20","Technological",187,327,416,341,325,379,365.25
"iscas89_benchmark_circuits_21","Technological",269,400,634,520,526,694,593.5
"iscas89_benchmark_circuits_22","Technological",249,354,447,677,590,549,565.75
"iscas89_benchmark_circuits_23","Technological",210,363,424,457,586,507,493.5
"iscas89_benchmark_circuits_24","Technological",249,437,624,445,484,532,521.25
"iscas89_benchmark_circuits_25","Technological",244,472,550,548,474,488,515
"iscas89_benchmark_circuits_26","Technological",245,472,550,536,511,503,525
"iscas89_benchmark_circuits_3","Technological",467,575,1007,1214,1265,1224,1177.5
"iscas89_benchmark_circuits_4","Technological",481,627,1126,1153,1235,1275,1197.25
"iscas89_benchmark_circuits_5","Technological",336,781,664,612,644,646,641.5
"iscas89_benchmark_circuits_6","Technological",334,793,584,583,630,541,584.5
"iscas89_benchmark_circuits_7","Technological",545,820,1437,1092,1215,1421,1291.25
"iscas89_benchmark_circuits_8","Technological",491,704,1150,1115,1071,1266,1150.5
"iscas89_benchmark_circuits_9","Technological",446,772,967,971,1084,900,980.5
"itc99_benchmark_circuits_1","Technological",149,273,354,369,457,308,372
"itc99_benchmark_circuits_10","Technological",737,1341,1435,1363,1496,1575,1467.25
"itc99_benchmark_circuits_2","Technological",998,1928,1987,2041,2182,2091,2075.25
"itc99_benchmark_circuits_3","Technological",441,802,974,871,904,886,908.75
"itc99_benchmark_circuits_4","Technological",167,309,353,379,376,374,370.5
"itc99_benchmark_circuits_5","Technological",159,293,344,272,304,367,321.75
"itc99_benchmark_circuits_6","Technological",189,361,405,357,322,409,373.25
"itc99_benchmark_circuits_7","Technological",770,1415,1451,1505,1747,1596,1574.75
"itc99_benchmark_circuits_8","Technological",1036,2022,1975,2071,2042,2086,2043.5
"itc99_benchmark_circuits_9","Technological",362,617,704,794,862,719,769.75
"ito_core_yeast_interactome_(2001)","Biological",426,521,935,1092,1158,1176,1090.25
"java_library_dependencies_(2014)","Technological",249,802,463,454,451,445,453.25
"java_packages_(various)_1","Technological",105,292,176,200,176,217,192.25
"java_packages_(various)_2","Technological",192,488,315,316,361,322,328.5
"java_packages_(various)_3","Technological",228,491,497,481,423,453,463.5
"java_packages_(various)_4","Technological",398,943,894,661,848,721,781
"java_packages_(various)_5","Technological",504,1139,1185,892,1047,866,997.5
"java_packages_(various)_6","Technological",486,2717,872,819,824,732,811.75
"javax,_java,_jung,_appengine_dependencies_(2010)_1","Technological",96,179,216,242,191,217,216.5
"javax,_java,_jung,_appengine_dependencies_(2010)_2","Technological",435,1303,788,803,959,763,828.25
"javax,_java,_jung,_appengine_dependencies_(2010)_3","Technological",1031,4408,1686,1659,1734,1760,1709.75
"jdk","Technological",6434,150985,9616,10055,10091,9797,9889.75
"jung","Technological",6120,138706,9468,9297,9527,9437,9432.25
"kapferer_tailor_shop_(1972)_1","Social,Offline",39,169,64,84,44,78,67.5
"kapferer_tailor_shop_(1972)_2","Social,Offline",39,248,58,57,58,107,70
"lastfm_asia","Social,Online",7624,27806,13839,12908,13310,13020,13269.25
"law_firm","Social,Offline",71,2571,NA,NA,NA,NA,NA
"linux","Technological",30837,213954,49250,49827,50001,49348,49606.5
"london_transport","Transportation",369,441,951,1074,796,874,923.75
"london_transport_network","Transportation",369,430,954,870,906,907,909.25
"macaque_cortical_connectivity_(cocomac)_1","Biological",94,1515,131,134,130,162,139.25
"macaque_cortical_connectivity_(cocomac)_2","Biological",71,438,98,124,103,90,103.75
"macaque_cortical_connectivity_(cocomac)_3","Biological",47,313,71,65,81,57,68.5
"macaque_visual_cortex_(1991)_1","Biological",30,190,42,49,71,47,52.25
"macaque_visual_cortex_(1991)_2","Biological",32,194,39,41,69,41,47.5
"medieval_russia_trade_network","Economic",39,53,49,74,94,88,76.25
"messal_shale","Biological",700,6444,1151,1198,1080,1162,1147.75
"metabolic_networks_from_kegg_(2006)_1","Biological",880,2296,1798,1558,1581,1539,1619
"metabolic_networks_from_kegg_(2006)_10","Biological",861,2011,1598,1706,1615,1612,1632.75
"metabolic_networks_from_kegg_(2006)_11","Biological",769,1858,1578,1495,1497,1498,1517
"metabolic_networks_from_kegg_(2006)_12","Biological",619,1501,1116,1108,1157,1095,1119
"metabolic_networks_from_kegg_(2006)_13","Biological",464,1115,892,792,939,1020,910.75
"metabolic_networks_from_kegg_(2006)_14","Biological",813,2103,1386,1430,1451,1562,1457.25
"metabolic_networks_from_kegg_(2006)_15","Biological",601,1536,1156,1042,1123,1214,1133.75
"metabolic_networks_from_kegg_(2006)_16","Biological",1042,2764,2097,1984,1869,1973,1980.75
"metabolic_networks_from_kegg_(2006)_17","Biological",808,2105,1496,1545,1555,1591,1546.75
"metabolic_networks_from_kegg_(2006)_18","Biological",598,1425,1210,1106,1194,1108,1154.5
"metabolic_networks_from_kegg_(2006)_19","Biological",609,1476,1144,1164,1013,1116,1109.25
"metabolic_networks_from_kegg_(2006)_2","Biological",610,1482,1155,1025,1001,1167,1087
"metabolic_networks_from_kegg_(2006)_20","Biological",610,1481,1169,1046,1045,938,1049.5
"metabolic_networks_from_kegg_(2006)_21","Biological",600,1421,1070,1159,1043,1038,1077.5
"metabolic_networks_from_kegg_(2006)_22","Biological",783,1986,1405,1437,1388,1556,1446.5
"metabolic_networks_from_kegg_(2006)_23","Biological",816,1977,1560,1465,1698,1467,1547.5
"metabolic_networks_from_kegg_(2006)_24","Biological",896,2186,1706,1501,1828,1805,1710
"metabolic_networks_from_kegg_(2006)_25","Biological",337,806,678,672,600,564,628.5
"metabolic_networks_from_kegg_(2006)_26","Biological",759,1771,1374,1546,1503,1637,1515
"metabolic_networks_from_kegg_(2006)_3","Biological",725,1657,1403,1265,1457,1430,1388.75
"metabolic_networks_from_kegg_(2006)_4","Biological",965,2353,1755,1676,1929,1734,1773.5
"metabolic_networks_from_kegg_(2006)_5","Biological",546,1289,1054,963,1036,986,1009.75
"metabolic_networks_from_kegg_(2006)_6","Biological",354,856,667,670,699,658,673.5
"metabolic_networks_from_kegg_(2006)_7","Biological",360,887,608,648,921,620,699.25
"metabolic_networks_from_kegg_(2006)_8","Biological",774,1818,1371,1605,1445,1351,1443
"metabolic_networks_from_kegg_(2006)_9","Biological",300,712,521,555,490,560,531.5
"montreal","Social,Offline",33,78,40,77,82,61,65
"moreno_taro","Social,Offline",22,78,47,36,24,50,39.25
"mouse_suprachiasmatic_nucleus_1","Biological",179,705,278,323,282,332,303.75
"mouse_suprachiasmatic_nucleus_2","Biological",155,744,199,220,268,292,244.75
"mouse_suprachiasmatic_nucleus_3","Biological",176,803,261,254,327,353,298.75
"mouse_visual_cortex_(2011)_1","Biological",29,44,90,56,50,36,58
"mouse_visual_cortex_(2011)_2","Biological",193,214,635,408,587,482,528
"new_guinea_tribes","Social,Offline",16,58,37,21,27,25,27.5
"openflights","Transportation",3214,66771,5026,4824,4982,4805,4909.25
"p._pacificus_nematode_(2013)_1","Biological",54,141,55,100,77,118,87.5
"p._pacificus_nematode_(2013)_2","Biological",50,141,93,118,91,88,97.5
"pgp_strong","Social,Online",39796,301498,63615,63997,64376,63753,63935.25
"physician_trust","Social,Offline",241,1098,400,418,370,438,406.5
"polblogs","Informational",1224,19090,1836,2048,2052,2059,1998.75
"political_books_network_(2004)","Informational",105,441,143,201,192,148,171
"power","Technological",4941,6594,11768,12268,11627,11340,11750.75
"reactome","Biological",6327,147547,9946,9859,9641,9701,9786.75
"reguly_yeast_interactome_(2006)","Biological",1213,2556,2540,2352,2674,2461,2506.75
"residence_hall","Social,Offline",217,2672,309,355,327,318,327.25
"rhesus_brain_(2012)","Biological",242,3054,464,365,397,358,396
"rhesus_cortex_(2014)","Biological",91,1401,147,161,187,104,149.75
"roget's_thesaurus_(1879)","Informational",994,3640,1676,1781,1542,1703,1675.5
"rome_roads_(1999)","Transportation",3353,4831,7633,7362,7562,7605,7540.5
"route_views_as_graphs_(1997-1998)_1","Technological",493,1145,1031,913,898,900,935.5
"route_views_as_graphs_(1997-1998)_2","Technological",522,1198,1074,1009,934,1166,1045.75
"route_views_as_graphs_(1997-1998)_3","Technological",512,1181,1035,900,841,948,931
"route_views_as_graphs_(1999-2000)_1","Technological",541,1233,1047,1058,1176,1060,1085.25
"route_views_as_graphs_(1999-2000)_10","Technological",527,1198,1045,1179,1041,1059,1081
"route_views_as_graphs_(1999-2000)_11","Technological",530,1198,982,1058,1029,1074,1035.75
"route_views_as_graphs_(1999-2000)_12","Technological",545,1246,1061,1059,1009,939,1017
"route_views_as_graphs_(1999-2000)_13","Technological",544,1240,1028,1187,1034,1243,1123
"route_views_as_graphs_(1999-2000)_2","Technological",538,1225,946,942,1074,1038,1000
"route_views_as_graphs_(1999-2000)_3","Technological",557,1278,1199,1209,1112,1019,1134.75
"route_views_as_graphs_(1999-2000)_4","Technological",553,1264,1070,1104,1106,1113,1098.25
"route_views_as_graphs_(1999-2000)_5","Technological",561,1280,1110,1183,1164,1039,1124
"route_views_as_graphs_(1999-2000)_6","Technological",549,1249,1125,1167,934,1002,1057
"route_views_as_graphs_(1999-2000)_7","Technological",103,239,289,200,212,178,219.75
"route_views_as_graphs_(1999-2000)_8","Technological",2067,4218,4296,4009,4001,4323,4157.25
"route_views_as_graphs_(1999-2000)_9","Technological",2132,4347,4083,4294,4232,4429,4259.5
"scotus_majority_2007","Informational",34613,202167,57475,57386,58022,57316,57549.75
"scotus_majority_2008","Informational",25417,216738,40733,39878,41078,40587,40569
"software_function-callgraphs_(2002)_1","Technological",1035,1719,2238,2095,2218,2089,2160
"software_function-callgraphs_(2002)_2","Technological",162,252,352,402,345,340,359.75
"software_function-callgraphs_(2002)_3","Technological",771,1357,1739,1680,1531,1601,1637.75
"software_function-callgraphs_(2002)_4","Technological",971,1802,1972,1865,2085,2112,2008.5
"student_cooperation","Social,Offline",185,360,401,367,398,428,398.5
"terrassa_traffic_(2016)","Transportation",1603,2320,3534,3795,3642,3573,3636
"turker_network","Social,Online",1389,5268,2452,2468,2383,2626,2482.25
"twitch_de","Social,Online",9498,153138,14933,14811,14727,14629,14775
"twitch_engb","Social,Online",7126,35324,12471,12009,11905,11941,12081.5
"twitch_es","Social,Online",4648,59382,7428,7403,7337,7664,7458
"twitch_fr","Social,Online",6549,112666,10223,10330,9983,10373,10227.25
"twitch_ptbr","Social,Online",1912,31299,3157,3184,2990,3067,3099.5
"twitch_ru","Social,Online",4385,37304,7027,6928,7268,6835,7014.5
"twitter_1","Social,Online",246,9630,350,347,429,425,387.75
"twitter_10","Social,Online",216,9715,332,364,330,328,338.5
"twitter_11","Social,Online",194,8972,295,287,403,332,329.25
"twitter_12","Social,Online",193,13538,285,260,248,340,283.25
"twitter_2","Social,Online",184,12105,274,302,265,295,284
"twitter_3","Social,Online",228,9938,346,363,337,362,352
"twitter_4","Social,Online",201,8888,345,308,297,338,322
"twitter_5","Social,Online",183,9451,313,317,278,306,303.5
"twitter_6","Social,Online",232,8896,363,343,312,304,330.5
"twitter_7","Social,Online",184,9042,255,282,267,312,279
"twitter_8","Social,Online",239,9105,403,313,309,423,362
"twitter_9","Social,Online",213,17930,324,331,342,331,332
"uc_irvine_students","Social,Online",1899,20296,3251,3229,2997,3036,3128.25
"uetz_screen_yeast_interactome_(2000)","Biological",263,281,903,907,663,946,854.75
"ugandan_village_friendship-1","Social,Offline",203,600,294,343,393,331,340.25
"ugandan_village_friendship-10","Social,Offline",207,1180,335,296,455,334,355
"ugandan_village_friendship-11","Social,Offline",250,1183,422,385,460,379,411.5
"ugandan_village_friendship-12","Social,Offline",229,962,433,332,478,481,431
"ugandan_village_friendship-13","Social,Offline",183,873,250,277,345,305,294.25
"ugandan_village_friendship-14","Social,Offline",124,603,251,225,183,204,215.75
"ugandan_village_friendship-15","Social,Offline",120,295,221,268,176,213,219.5
"ugandan_village_friendship-16","Social,Offline",372,1475,573,577,637,698,621.25
"ugandan_village_friendship-17","Social,Offline",65,300,115,81,111,101,102
"ugandan_village_friendship-2","Social,Offline",182,775,301,294,366,266,306.75
"ugandan_village_friendship-3","Social,Offline",192,1181,309,265,298,300,293
"ugandan_village_friendship-4","Social,Offline",320,2302,542,530,550,542,541
"ugandan_village_friendship-5","Social,Offline",184,822,272,336,257,273,284.5
"ugandan_village_friendship-6","Social,Offline",139,709,234,262,263,272,257.75
"ugandan_village_friendship-7","Social,Offline",121,929,187,233,173,190,195.75
"ugandan_village_friendship-8","Social,Offline",369,1902,680,578,597,583,609.5
"ugandan_village_friendship-9","Social,Offline",178,1248,326,323,273,287,302.25
"ugandan_village_health-advice_1","Social,Offline",190,473,320,346,387,379,358
"ugandan_village_health-advice_10","Social,Offline",205,884,356,372,322,358,352
"ugandan_village_health-advice_11","Social,Offline",240,588,413,476,457,478,456
"ugandan_village_health-advice_12","Social,Offline",221,579,396,431,487,424,434.5
"ugandan_village_health-advice_13","Social,Offline",173,358,271,351,399,337,339.5
"ugandan_village_health-advice_14","Social,Offline",120,365,225,197,245,218,221.25
"ugandan_village_health-advice_15","Social,Offline",117,210,233,230,310,240,253.25
"ugandan_village_health-advice_16","Social,Offline",350,984,556,597,608,688,612.25
"ugandan_village_health-advice_17","Social,Offline",63,159,148,119,174,86,131.75
"ugandan_village_health-advice_2","Social,Offline",170,432,343,326,228,236,283.25
"ugandan_village_health-advice_3","Social,Offline",185,682,337,386,293,269,321.25
"ugandan_village_health-advice_4","Social,Offline",316,1118,553,498,529,625,551.25
"ugandan_village_health-advice_5","Social,Offline",168,423,247,305,340,252,286
"ugandan_village_health-advice_6","Social,Offline",134,322,272,265,227,254,254.5
"ugandan_village_health-advice_7","Social,Offline",121,577,257,169,201,191,204.5
"ugandan_village_health-advice_8","Social,Offline",361,1360,620,623,621,566,607.5
"ugandan_village_health-advice_9","Social,Offline",173,678,293,278,288,301,290
"us_airport_network_(top_500;_2002)","Transportation",500,2980,1048,779,768,841,859
"water_distribution_network_1","Technological",1893,2418,4292,4623,4410,4504,4457.25
"water_distribution_network_2","Technological",873,957,2365,2403,2466,2693,2481.75
"water_distribution_network_3","Technological",1786,1992,4979,5588,4945,4866,5094.5
"webkb_webkb_cornell_cocite","Informational",346,26832,469,475,508,489,485.25
"webkb_webkb_cornell_link1","Informational",349,1393,561,586,676,597,605
"webkb_webkb_texas_cocite","Informational",334,32988,540,516,457,492,501.25
"webkb_webkb_texas_link1","Informational",286,1002,540,495,569,590,548.5
"webkb_webkb_washington_cocite","Informational",434,30462,680,693,740,734,711.75
"webkb_webkb_washington_link1","Informational",433,1941,679,725,788,802,748.5
"webkb_webkb_wisconsin_cocite","Informational",348,33250,535,595,552,608,572.5
"webkb_webkb_wisconsin_link1","Informational",300,1155,516,497,471,528,503
"wiki_science","Informational",687,6523,1045,1159,1237,1048,1122.25
"winnipeg_traffic_(2016)_1","Transportation",948,1384,2179,2242,2238,2185,2211
"winnipeg_traffic_(2016)_2","Transportation",1040,1595,2402,2280,2320,2099,2275.25
"word_adjacencies_of_david_copperfield","Informational",112,425,184,215,168,190,189.25
"word_adjacency_darwin","Informational",7381,46281,12270,12482,12096,12088,12234
"word_adjacency_french","Informational",8325,24295,14733,15324,15190,15092,15084.75
"word_adjacency_japanese","Informational",2704,8300,4869,4766,5048,4760,4860.75
"word_adjacency_spanish","Informational",11586,45129,20101,20135,19647,20024,19976.75
"word_assoc","Informational",23132,312342,36170,36539,36197,36123,36257.25
"world_subways_(2009)_1","Transportation",128,143,314,393,493,366,391.5
"world_subways_(2009)_10","Transportation",104,114,187,280,225,240,233
"world_subways_(2009)_11","Transportation",170,182,520,332,520,413,446.25
"world_subways_(2009)_12","Transportation",141,149,397,265,509,421,398
"world_subways_(2009)_2","Transportation",266,308,750,600,727,600,669.25
"world_subways_(2009)_3","Transportation",209,240,516,501,617,632,566.5
"world_subways_(2009)_4","Transportation",147,164,413,353,367,435,392
"world_subways_(2009)_5","Transportation",134,156,460,315,532,427,433.5
"world_subways_(2009)_6","Transportation",433,475,1278,1618,1252,1096,1311
"world_subways_(2009)_7","Transportation",299,356,791,830,763,844,807
"world_subways_(2009)_8","Transportation",148,158,384,523,409,447,440.75
"world_subways_(2009)_9","Transportation",217,262,530,517,434,510,497.75
"yeast_transcription","Biological",690,1094,1388,1613,1319,1425,1436.25
"yu_yeast_interactomes_(2008)_1","Biological",964,1487,1957,2450,2089,2176,2168
"yu_yeast_interactomes_(2008)_2","Biological",1647,2518,3420,3543,3364,3291,3404.5
"zachary_karate_club_1","Social,Offline",34,76,51,64,78,54,61.75
"zachary_karate_club_2","Social,Offline",34,78,57,60,74,30,55.25
